{"cameraMode":{"drawMode":0,"name":"Shaded","section":"Shading Mode"},"sceneLighting":true,"audioPlay":false,"sceneViewState":{"m_AlwaysRefresh":false,"showFog":true,"showSkybox":true,"showFlares":true,"showImageEffects":true,"showParticleSystems":true,"showVisualEffectGraphs":true,"m_FxEnabled":true},"in2DMode":false,"pivot":{"x":8.044703483581543,"y":-7.639070987701416,"z":16.804794311523439},"rotation":{"x":-0.2583453357219696,"y":0.00202603149227798,"z":-0.0005416920175775886,"w":-0.9660505056381226},"size":14.805234909057618,"orthographic":false}